INSERT INTO sender (cust_id,zip_code,street,street_no,flat_no,city,country,isPerson,name,surname,pesel,comments,phoneNo)
VALUES ('S-01','75-900','zwyciestwa',11,1,'Gdansk','Polska',1,'Andrzej','Kowalski','07231457205','comment1','321952076 ');
INSERT INTO sender (cust_id,zip_code,street,street_no,flat_no,city,country,isPerson,name,surname,pesel,comments,phoneNo)
VALUES ('S-02','88-930','Cisowa',14,2,'Myszków','Polska',1,'Janina','Plasnik','95122677887','comment2','305085856 ');
INSERT INTO sender (cust_id,zip_code,street,street_no,flat_no,city,country,isPerson,name,surname,pesel,comments,phoneNo)
VALUES ('S-03','60-200','Bogusławskiego Wojciecha',1,5,'Września','Polska',1,'Patrycja','Adamska','34081004556','comment3','284657490 ');
INSERT INTO sender (cust_id,zip_code,street,street_no,flat_no,city,country,isPerson,name,surname,pesel,comments,phoneNo)
VALUES ('S-04','81-001','Letnia',18,22,'Luboń','Polska',1,'Dawid','Głowacki','15321508410','comment4','042346002 ');
INSERT INTO sender (cust_id,zip_code,street,street_no,flat_no,city,country,isPerson,name,surname,pesel,comments,phoneNo)
VALUES ('S-05','76-200','Żniwna',19,55,'Gdynia','Polska',1,'Karol','Malinowski','35090266979','comment5','300966423 ');
INSERT INTO sender (cust_id,zip_code,street,street_no,flat_no,city,country,isPerson,name,surname,pesel,comments,phoneNo)
VALUES ('S-06','56-300','Łódzka',44,82,'Bytom','Polska',1,'Marcin','Makowski','96120358835','comment6','089452822 ');
INSERT INTO sender (cust_id,zip_code,street,street_no,flat_no,city,country,isPerson,name,surname,pesel,comments,phoneNo)
VALUES ('S-07','33-331','Świętojańska',60,14,'Wałbrzych','Polska',1,'Hubert','Zalewski','10322841465','comment7','960746325 ');
INSERT INTO sender (cust_id,zip_code,street,street_no,flat_no,city,country,isPerson,name,surname,pesel,comments,phoneNo)
VALUES ('S-08','99-110','Sąsiedzka',84,24,'Bieruń','Polska',1,'Karolina','Makowska','08242925787','comment8','239440874 ');
INSERT INTO sender (cust_id,zip_code,street,street_no,flat_no,city,country,isPerson,name,surname,pesel,comments,phoneNo)
VALUES ('S-09','91-133','Truskawkowa',100,95,'Stargard','Polska',1,'Konrad','Król','40090528318','comment9','956765189 ');
INSERT INTO sender (cust_id,zip_code,street,street_no,flat_no,city,country,isPerson,name,surname,pesel,comments,phoneNo)
VALUES ('S-10','80-946','Świerkowa',141,75,'Piaseczno','Polska',1,'Wiktoria','Jakubowska','69092278724','comment10','592183806 ');
INSERT INTO sender (cust_id,zip_code,street,street_no,flat_no,city,country,isPerson,name,nip,comments,phoneNo)
VALUES ('S-11','74-442','Hoża',100,35,'Jaworzno','Polska',0,'Bartex','9433508982','comment11','061177646 ');
INSERT INTO sender (cust_id,zip_code,street,street_no,flat_no,city,country,isPerson,name,nip,comments,phoneNo)
VALUES ('S-12','36-781','Konwaliowa',134,22,'Pszczyna','Polska',0,'Janex','5229187536','comment12','197815948 ');
INSERT INTO sender (cust_id,zip_code,street,street_no,flat_no,city,country,isPerson,name,nip,comments,phoneNo)
VALUES ('S-13','14-356','Struga Andrzeja',160,35,'Zborowskie','All in one',0,'Andrzej','2251617294','comment13','559421462 ');
INSERT INTO sender (cust_id,zip_code,street,street_no,flat_no,city,country,isPerson,name,nip,comments,phoneNo)
VALUES ('S-14','47-530','Parkowa',114,92,'Łomianki','Polska',0,'FoodTruckers','4782134299','comment14','778103060 ');


INSERT INTO receiver (cust_id,zip_code,street,street_no,flat_no,city,country,isPerson,name,surname,pesel,phoneNo)
VALUES ('R-01','75-900','zwyciestwa',110,15,'Gdansk','Polska',1,'Adrian','Kozłowski','15281513725','350501375 ');
INSERT INTO receiver (cust_id,zip_code,street,street_no,flat_no,city,country,isPerson,name,surname,pesel,phoneNo)
VALUES ('R-02','87-901','Miodowa',142,22,'Myszków','Polska',1,'Konrad','Ciesielski','72083104829','616062693 ');
INSERT INTO receiver (cust_id,zip_code,street,street_no,flat_no,city,country,isPerson,name,surname,pesel,phoneNo)
VALUES ('R-03','13-772','Chmielna',101,151,'Września','Polska',1,'Anna','Baranowska','43040885242','895800507 ');
INSERT INTO receiver (cust_id,zip_code,street,street_no,flat_no,city,country,isPerson,name,surname,pesel,phoneNo)
VALUES ('R-04','27-997','Bema Józefa',314,2,'Luboń','Polska',1,'Weronika','Dąbrowska','15230777666','842026399 ');
INSERT INTO receiver (cust_id,zip_code,street,street_no,flat_no,city,country,isPerson,name,surname,pesel,phoneNo)
VALUES ('R-05','12-767','Morska',109,1,'Gdynia','Polska',1,'Weronika','Lewandowska','80060139034','804009599 ');
INSERT INTO receiver (cust_id,zip_code,street,street_no,flat_no,city,country,isPerson,name,surname,pesel,phoneNo)
VALUES ('R-06','98-558','Sosnowa',11,2,'Bytom','Polska',1,'Malwina','Wójcik','32103139853','540875295 ');
INSERT INTO receiver (cust_id,zip_code,street,street_no,flat_no,city,country,isPerson,name,surname,pesel,phoneNo)
VALUES ('R-07','38-884','Górnośląska',1,5,'Wałbrzych','Polska',1,'Alan','Ziółkowski','97072529456','317460231 ');
INSERT INTO receiver (cust_id,zip_code,street,street_no,flat_no,city,country,isPerson,name,surname,pesel,phoneNo)
VALUES ('R-08','85-076','Świętojańska',17,12,'Bieruń','Polska',1,'Jan','Kozłowski','83012230425','385230928 ');
INSERT INTO receiver (cust_id,zip_code,street,street_no,flat_no,city,country,isPerson,name,surname,pesel,phoneNo)
VALUES ('R-09','37-987','Stwosza Wita',80,35,'Stargard','Polska',1,'Marcel','Piotrowski','14212093521','192243198 ');
INSERT INTO receiver (cust_id,zip_code,street,street_no,flat_no,city,country,isPerson,name,nip,phoneNo)
VALUES ('R-10','76-498','Fałata Juliana',34,42,'Piaseczno','Polska',0,'Włodarczyk Ltd','6580089102','379849904 ');
INSERT INTO receiver (cust_id,zip_code,street,street_no,flat_no,city,country,isPerson,name,nip,phoneNo)
VALUES ('R-11','62-095','Rynek Rynek',40,75,'Jaworzno','Polska',0,'Grabowski Ltd','8281832540','643758293');
INSERT INTO receiver (cust_id,zip_code,street,street_no,city,country,isPerson,name,nip,phoneNo)
VALUES ('R-12','47-854','Gliwicka',54,'Pszczyna','Polska',0,'Jakubowski Ltd','4755045657','667696661');
INSERT INTO receiver (cust_id,zip_code,street,street_no,city,country,isPerson,name,nip,phoneNo)
VALUES ('R-13','32-313','Pomorska',70,'Zborowskie','Polska',0,'Wysocki Ltd','6987330390','561641406');
INSERT INTO receiver (cust_id,zip_code,street,street_no,city,country,isPerson,name,nip,phoneNo)
VALUES ('R-14','73-583','Zbożowa',74,'Łomianki','Polska',0,'Kowalski Ltd','9556385407','588338449');


INSERT INTO vehicle (brand,model,vin,type,capacity,num_of_packages)
VALUES ('mercedes','sprinter','2T1CG22P81C501675','van',3751,341);
INSERT INTO vehicle (brand,model,vin,type,capacity,num_of_packages)
VALUES ('scania','R410','4T1BK1FK6DU538858','truck',51300,113000);
INSERT INTO vehicle (brand,model,vin,type,capacity,num_of_packages)
VALUES ('rentaul','kangoo','1GCCS146058239570','van',3213,501);
INSERT INTO vehicle (brand,model,vin,type,capacity,num_of_packages)
VALUES ('scania','R410','2HNYD2H69CH541618','truck',25600,167000);
INSERT INTO vehicle (brand,model,vin,type,capacity,num_of_packages)
VALUES ('mercedes','sprinter','5TETU62N75Z053878','van',3863,441);
INSERT INTO vehicle (brand,model,vin,type,capacity,num_of_packages)
VALUES ('ford','transit','5NPDH4AE9FH594417','van',3732,601);
INSERT INTO vehicle (brand,model,vin,type,capacity,num_of_packages)
VALUES ('mercedes','sprinter','4S3BL616387200573','van',3217,231);
INSERT INTO vehicle (brand,model,vin,type,capacity,num_of_packages)
VALUES ('man','tge','1FAHP34N38W141682','van',3635,226);
INSERT INTO vehicle (brand,model,vin,type,capacity,num_of_packages)
VALUES ('man','tgs','4T4BF1FK3ER393032','truck',29180,341000);
INSERT INTO vehicle (brand,model,vin,type,capacity,num_of_packages)
VALUES ('man','tgm','1B4HS28Y7XF601252','truck',34720,200000);
INSERT INTO vehicle (brand,model,vin,type,capacity,num_of_packages)
VALUES ('ford','transit','WDBNG75J42A278312','van',2919,349);
INSERT INTO vehicle (brand,model,vin,type,capacity,num_of_packages)
VALUES ('pegueot','traveller','3LN6L2G90FR610308','van',3567,123);
INSERT INTO vehicle (brand,model,vin,type,capacity,num_of_packages)
VALUES ('mercedes','sprinter','1G1ZC5EB2AF182894','van',3499,678);
INSERT INTO vehicle (brand,model,vin,type,capacity,num_of_packages)
VALUES ('opel','vivaro','2HGFB2F52DH544750','van',3501,971);


INSERT INTO driver (qualification,age,driv_lic_no,isWorking,isAvailable,driver_id,firstname,surname,pesel,contact)
VALUES ('B',23,'42222/12/0118',0,1,'D-01','Jan','Kowalski','73111073391','kowalski@shipment.com');
INSERT INTO driver (qualification,age,driv_lic_no,isWorking,isAvailable,driver_id,firstname,surname,pesel,contact)
VALUES ('C',27,'58761/67/4321',1,0,'D-02','Marian','Lepski','76120398877','999111222');
INSERT INTO driver (qualification,age,driv_lic_no,isWorking,isAvailable,driver_id,firstname,surname,pesel,contact)
VALUES ('B',33,'13580/90/5311',0,0,'D-03','Krzysztof','Adamski','65100885083','888999777, lepski@shipment.com');
INSERT INTO driver (qualification,age,driv_lic_no,isWorking,isAvailable,driver_id,firstname,surname,pesel,contact)
VALUES ('B',37,'23456/47/1246',0,0,'D-04','Kacper','Sobczak','47080473319','151343676, marnik@shipment.com');
INSERT INTO driver (qualification,age,driv_lic_no,isWorking,isAvailable,driver_id,firstname,surname,pesel,contact)
VALUES ('B',53,'41112/72/1358',1,1,'D-05','Paulina','Sikora','56011914250','sikora@shipment.com');
INSERT INTO driver (qualification,age,driv_lic_no,isWorking,isAvailable,driver_id,firstname,surname,pesel,contact)
VALUES ('C',17,'58145/64/0021',0,1,'D-06','Tymoteusz','Sadowski','53041499669','(34) 088 64 42');
INSERT INTO driver (qualification,age,driv_lic_no,isWorking,isAvailable,driver_id,firstname,surname,pesel,contact)
VALUES ('B',43,'11234/24/2578',1,1,'D-07','Karolina','Jabłońska','19311165803','+99(97)7614737, jablonska@shipment.com');
INSERT INTO driver (qualification,age,driv_lic_no,isWorking,isAvailable,driver_id,firstname,surname,pesel,contact)
VALUES ('B',60,'87653/52/2762',0,1,'D-08','Fabian','Szulc','55093099019','+47(68)6029950, szulc@shipment.com');
INSERT INTO driver (qualification,age,driv_lic_no,isWorking,isAvailable,driver_id,firstname,surname,pesel,contact)
VALUES ('B',25,'13678/45/2678',0,1,'D-09','Adam','Dudek','34051596915','dudek@shipment.com');
INSERT INTO driver (qualification,age,driv_lic_no,isWorking,isAvailable,driver_id,firstname,surname,pesel,contact)
VALUES ('C',18,'58761/67/8762',1,0,'D-10','Mikołaj','Chmielewski','17230919385','999111222');
INSERT INTO driver (qualification,age,driv_lic_no,isWorking,isAvailable,driver_id,firstname,surname,pesel,contact)
VALUES ('B',20,'43637/92/1579',0,0,'D-11','Marcin','Szymczak','11301987404','882 702 947, szymczak@shipment.com');
INSERT INTO driver (qualification,age,driv_lic_no,isWorking,isAvailable,driver_id,firstname,surname,pesel,contact)
VALUES ('B',27,'25778/72/4422',1,1,'D-12','Michalina','Kucharska','55100785162','762804032, kucharska@shipment.com');
INSERT INTO driver (qualification,age,driv_lic_no,isWorking,isAvailable,driver_id,firstname,surname,pesel,contact)
VALUES ('B',54,'65406/42/9921',0,0,'D-13','Milena','Wójcik','65021530295','+63(02)4197137, wojcik@shipment.com');
INSERT INTO driver (qualification,age,driv_lic_no,isWorking,isAvailable,driver_id,firstname,surname,pesel,contact)
VALUES ('B',28,'12221/99/1116',0,1,'D-14','Paweł','Rutkowski','80020534279','(33) 147 78 86, rutkowski@shipment.com');
INSERT INTO driver (qualification,age,driv_lic_no,isWorking,isAvailable,driver_id,firstname,surname,pesel,contact)
VALUES ('B',37,'41141/45/3336',0,1,'D-15','Krzysztof','Woźniak','19270201512','762804032, wozniak@shipment.com');
INSERT INTO driver (qualification,age,driv_lic_no,isWorking,isAvailable,driver_id,firstname,surname,pesel,contact)
VALUES ('B',39,'55511/91/5551',0,1,'D-16','Maria','Krajewska','59011656667','+26 083 913 4913, krajewska@shipment.com');
INSERT INTO driver (qualification,age,driv_lic_no,isWorking,isAvailable,driver_id,firstname,surname,pesel,contact)
VALUES ('B',41,'19911/94/9996',0,1,'D-17','Paulina','Lewandowska','26110873257','220126518, lewandowska@shipment.com');
INSERT INTO driver (qualification,age,driv_lic_no,isWorking,isAvailable,driver_id,firstname,surname,pesel,contact)
VALUES ('B',41,'12246/45/3336',0,1,'D-18','Krzysztof','Maciejewski','16241718079','762804032, maciejewski@shipment.com');
INSERT INTO driver (qualification,age,driv_lic_no,isWorking,isAvailable,driver_id,firstname,surname,pesel,contact)
VALUES ('B',62,'35511/31/3331',0,1,'D-19','Błażej','Kaźmierczak','14250223018','+26 083 913 4913, kazmierczak@shipment.com');
INSERT INTO driver (qualification,age,driv_lic_no,isWorking,isAvailable,driver_id,firstname,surname,pesel,contact)
VALUES ('B',54,'23355/11/1116',0,1,'D-20','Lena','Lewandowska','64072188808','498235044, lewandowskalena@shipment.com');


INSERT INTO courier(courier_id,sector_of_work,num_of_order)
VALUES('D-01','G.a.5',104)
INSERT INTO courier(courier_id,sector_of_work,num_of_order)
VALUES('D-04','F.b.6',110)
INSERT INTO courier(courier_id,sector_of_work,num_of_order)
VALUES('D-02','B.n.6',114)
INSERT INTO courier(courier_id,sector_of_work,num_of_order)
VALUES('D-03','K.q.1',120)
INSERT INTO courier(courier_id,sector_of_work,num_of_order)
VALUES('D-05','H.i.0',144)
INSERT INTO courier(courier_id,sector_of_work,num_of_order)
VALUES('D-06','P.r.1',160)
INSERT INTO courier(courier_id,sector_of_work,num_of_order)
VALUES('D-07','V.v.2',190)
INSERT INTO courier(courier_id,sector_of_work,num_of_order)
VALUES('D-08','A.a.1',111)
INSERT INTO courier(courier_id,sector_of_work,num_of_order)
VALUES('D-09','L.q.3',234)
INSERT INTO courier(courier_id,sector_of_work,num_of_order)
VALUES('D-10','W.w.1',755)
INSERT INTO courier(courier_id,sector_of_work,num_of_order)
VALUES('D-11','O.i.7',521)
INSERT INTO courier(courier_id,sector_of_work,num_of_order)
VALUES('D-12','L.e.6',236)
INSERT INTO courier(courier_id,sector_of_work,num_of_order)
VALUES('D-13','R.r.3',184)
INSERT INTO courier(courier_id,sector_of_work,num_of_order)
VALUES('D-14','H.x.4',116)




INSERT INTO intermediate_station (station_id,city,street,street_no,zip_code,num_of_packages,num_of_employees)
VALUES ('I-01','Gdańsk','grunwaldzka',44,'80-241',100000,1000)
INSERT INTO intermediate_station (station_id,city,street,street_no,zip_code,num_of_packages,num_of_employees)
VALUES ('I-02','Myszków','Mazowieckiego',3,'75-001',50000,500);
INSERT INTO intermediate_station (station_id,city,street,street_no,zip_code,num_of_packages,num_of_employees)
VALUES ('I-03','Września','Konstytucji 3 Maja',441,'75-228',100000,1000)
INSERT INTO intermediate_station (station_id,city,street,street_no,zip_code,num_of_packages,num_of_employees)
VALUES ('I-04','Luboń','Katowicka',33,'76-951',50000,500);
INSERT INTO intermediate_station (station_id,city,street,street_no,zip_code,num_of_packages,num_of_employees)
VALUES ('I-05','Gdynia','Kręta',444,'34-204',100000,1000)
INSERT INTO intermediate_station (station_id,city,street,street_no,zip_code,num_of_packages,num_of_employees)
VALUES ('I-06','Bytom','Lotników',31,'78-022',50000,500);
INSERT INTO intermediate_station (station_id,city,street,street_no,zip_code,num_of_packages,num_of_employees)
VALUES ('I-07','Wałbrzych','Ciasna',144,'76-221',100000,1000)
INSERT INTO intermediate_station (station_id,city,street,street_no,zip_code,num_of_packages,num_of_employees)
VALUES ('I-08','Bieruń','Chopina Fryderyka',63,'08-272',50000,500);
INSERT INTO intermediate_station (station_id,city,street,street_no,zip_code,num_of_packages,num_of_employees)
VALUES ('I-09','Stargard','Siemiradzkiego Henryka',54,'44-875',100000,1000)
INSERT INTO intermediate_station (station_id,city,street,street_no,zip_code,num_of_packages,num_of_employees)
VALUES ('I-10','Piaseczno','Turkusowa',27,'34-267',50000,500);
INSERT INTO intermediate_station (station_id,city,street,street_no,zip_code,num_of_packages,num_of_employees)
VALUES ('I-11','Jaworzno','Reymonta Władysława',28,'57-686',100000,1000)
INSERT INTO intermediate_station (station_id,city,street,street_no,zip_code,num_of_packages,num_of_employees)
VALUES ('I-12','Pszczyna','Wolska',66,'85-287',50000,500);
INSERT INTO intermediate_station (station_id,city,street,street_no,zip_code,num_of_packages,num_of_employees)
VALUES ('I-13','Zborowskie','Kolorowa',32,'68-722',100000,1000)
INSERT INTO intermediate_station (station_id,city,street,street_no,zip_code,num_of_packages,num_of_employees)
VALUES ('I-14','Łomianki','Jeżynowa',11,'53-167',50000,500);
INSERT INTO intermediate_station (station_id,city,street,street_no,zip_code,num_of_packages,num_of_employees)
VALUES ('I-14','Łomianki','Jeżynowa',11,'53-167',50000,0);




INSERT INTO employee(employee_id, wage, add_infotmation,station_id,name,surname,pesel,contact)
VALUES('E-01',3500,' warehouse worker, hard-working first to be promoted','I-01','Mariusz','Kowalski','45091575154','123456789')
INSERT INTO employee(employee_id, wage, add_infotmation,station_id,name,surname,pesel,contact)
VALUES('E-02',7000,'manager of station','I-01','Edward','Śliwka','57012113006','098765432')
INSERT INTO employee(employee_id, wage, add_infotmation,station_id,name,surname,pesel,contact)
VALUES('E-03',3500,' warehouse worker','I-01','Wiktoria','Gajewski','44050145874','212 920 280')
INSERT INTO employee(employee_id, wage, add_infotmation,station_id,name,surname,pesel,contact)
VALUES('E-04',5000,'logisitcs director','I-02','Iga','Jasiński','06240317553','216693548')
INSERT INTO employee(employee_id, wage, add_infotmation,station_id,name,surname,pesel,contact)
VALUES('E-05',5500,' accountant','I-02','Klaudia','Duda','07232855729','(11) 829 07 65')
INSERT INTO employee(employee_id, wage, add_infotmation,station_id,name,surname,pesel,contact)
VALUES('E-06',7000,'manager','I-03','Piotr','Wieczorek','16222951839','+99 851 771 5212')
INSERT INTO employee(employee_id, wage, add_infotmation,station_id,name,surname,pesel,contact)
VALUES('E-07',3500,' warehouse worker','I-03','Paweł','Nowacki','07320368649','656521296')
INSERT INTO employee(employee_id, wage, add_infotmation,station_id,name,surname,pesel,contact)
VALUES('E-08',7000,'manager of station, under observation','I-04','Oliwier','Borowski','89100728940','828047639')
INSERT INTO employee(employee_id, wage, add_infotmation,station_id,name,surname,pesel,contact)
VALUES('E-09',3500,' warehouse worker, exconvict','I-05','Karol','Wilk','55042824763','590 261 876')
INSERT INTO employee(employee_id, wage, add_infotmation,station_id,name,surname,pesel,contact)
VALUES('E-10',7000,'manager, lawsuit agianst him','I-06','Emilia','Woźniak','97061220814','+57 771 751 2749')
INSERT INTO employee(employee_id, wage, add_infotmation,station_id,name,surname,pesel,contact)
VALUES('E-11',5500,'accountant','I-07','Miłosz','Dąbrowski','19270174281','+77(82)3207460')
INSERT INTO employee(employee_id, wage, add_infotmation,station_id,name,surname,pesel,contact)
VALUES('E-12',5000,'logistic department','I-08','Blanka','Kozłowski','41110215528','+47 503 638 6929')
INSERT INTO employee(employee_id, wage, add_infotmation,station_id,name,surname,pesel,contact)
VALUES('E-13',3500,'warehouse worker','I-09','Alan','Zając','26040460802','+90(12)9035131')
INSERT INTO employee(employee_id, wage, add_infotmation,station_id,name,surname,pesel,contact)
VALUES('E-14',7000,'manager of station','I-09','Adrian','Wróbel','70070277507','829336088')




INSERT INTO shipment (shipment_id,locationX,locationY,isPickedUp,vin,station_id,courier_id)
VALUES ('SH-01','55.12478N','17.67597E',1,'2HGFB2F52DH544750','I-01','D-01')
INSERT INTO shipment (shipment_id,locationX,locationY,isPickedUp,vin,station_id,courier_id)
VALUES ('SH-02','52.13567N','16.34621E',1,'5NPDH4AE9FH594417','I-02','D-02')
INSERT INTO shipment (shipment_id,locationX,locationY,isPickedUp,vin,station_id,courier_id)
VALUES ('SH-03','55.76431N','15.13872E',0,'1G1ZC5EB2AF182894','I-03','D-03')
INSERT INTO shipment (shipment_id,locationX,locationY,isPickedUp,vin,station_id,courier_id)
VALUES ('SH-04','53.48751N','18.76531E',0,'4S3BL616387200573','I-04','D-04')
INSERT INTO shipment (shipment_id,locationX,locationY,isPickedUp,vin,station_id,courier_id)
VALUES ('SH-05','54.24378N','16.17537E',0,'5TETU62N75Z053878','I-05','D-05')
INSERT INTO shipment (shipment_id,locationX,locationY,isPickedUp,vin,station_id,courier_id)
VALUES ('SH-06','54.38617N','18.63529E',0,'5TETU62N75Z053878','I-07','D-05')
INSERT INTO shipment (shipment_id,locationX,locationY,isPickedUp,vin,station_id,courier_id)
VALUES ('SH-07','55.11178N','17.45692E',0,'4S3BL616387200573','I-08','D-04')
INSERT INTO shipment (shipment_id,locationX,locationY,isPickedUp,vin,station_id,courier_id)
VALUES ('SH-08','53.11233N','18.32219E',1,'5NPDH4AE9FH594417','I-09','D-02')
INSERT INTO shipment (shipment_id,locationX,locationY,isPickedUp,vin,station_id,courier_id)
VALUES ('SH-09','55.54111N','17.12337E',1,'1FAHP34N38W141682','I-10','D-06')
INSERT INTO shipment (shipment_id,locationX,locationY,isPickedUp,vin,station_id,courier_id)
VALUES ('SH-10','53.48617N','16.43729E',0,'WDBNG75J42A278312','I-11','D-07')
INSERT INTO shipment (shipment_id,locationX,locationY,isPickedUp,vin,station_id,courier_id)
VALUES ('SH-11','56.34378N','15.67597E',1,'WDBNG75J42A278312','I-11','D-07')
INSERT INTO shipment (shipment_id,locationX,locationY,isPickedUp,vin,station_id,courier_id)
VALUES ('SH-12','55.48617N','17.43729E',0,'1FAHP34N38W141682','I-10','D-06')
INSERT INTO shipment (shipment_id,locationX,locationY,isPickedUp,vin,station_id,courier_id)
VALUES ('SH-13','54.34378N','15.67597E',1,'1G1ZC5EB2AF182894','I-03','D-03')
INSERT INTO shipment (shipment_id,locationX,locationY,isPickedUp,vin,station_id,courier_id)
VALUES ('SH-14','53.48617N','17.43729E',1,'2HGFB2F52DH544750','I-01','D-01')


INSERT INTO package (weight,price,package_id,status,volume,isPaid,special_features,date_of_dispatch,date_of_receiv,send_id,rece_id,ship_id)
VALUES (23.00,100,'P-01','delivered',15,1,'glass','2020-12-01','2020-12-05','S-01','R-14','SH-01');
INSERT INTO package (weight,price,package_id,status,volume,isPaid,special_features,date_of_dispatch,send_id,rece_id,ship_id)
VALUES (15.00,10,'P-02','in Shipment',10,0,'food','2021-04-03','S-02','R-13','SH-02');
INSERT INTO package (weight,price,package_id,status,volume,isPaid,special_features,date_of_dispatch,date_of_receiv,send_id,rece_id,ship_id)
VALUES (25.15,100,'P-03','delivered',13,1,'ice','2020-11-01','2020-11-05','S-03','R-12','SH-03');
INSERT INTO package (weight,price,package_id,status,volume,isPaid,special_features,date_of_dispatch,send_id,rece_id,ship_id)
VALUES (55.13,10,'P-04','in station',11,0,'dangarous','2021-01-20','S-04','R-11','SH-04');
INSERT INTO package (weight,price,package_id,status,volume,isPaid,special_features,date_of_dispatch,date_of_receiv,send_id,rece_id,ship_id)
VALUES (43.42,100,'P-05','in Shipment',115,1,'undefined shape','2020-05-09','2020-05-12','S-05','R-10','SH-05');
INSERT INTO package (weight,price,package_id,status,volume,isPaid,special_features,date_of_dispatch,send_id,rece_id,ship_id)
VALUES (11.11,10,'P-06','delivered',100,0,'food','2021-02-17','S-07','R-09','SH-06');
INSERT INTO package (weight,price,package_id,status,volume,isPaid,special_features,date_of_dispatch,date_of_receiv,send_id,rece_id,ship_id)
VALUES (27.31,100,'P-07','delivered',151,1,'glass','2020-07-15','2020-07-17','S-08','R-12','SH-07');
INSERT INTO package (weight,price,package_id,status,volume,isPaid,special_features,date_of_dispatch,send_id,rece_id,ship_id)
VALUES (87.97,10,'P-08','in Shipment',104,0,'food','2021-11-06','S-09','R-07','SH-08');
INSERT INTO package (weight,price,package_id,status,volume,isPaid,special_features,date_of_dispatch,date_of_receiv,send_id,rece_id,ship_id)
VALUES (123.13,100,'P-09','in station',112,1,'glass','2020-12-19','2020-12-21','S-10','R-06','SH-09');
INSERT INTO package (weight,price,package_id,status,volume,isPaid,special_features,date_of_dispatch,send_id,rece_id,ship_id)
VALUES (156.67,10,'P-10','in Shipment',154,0,'food','2021-01-18','S-11','R-05','SH-10');
INSERT INTO package (weight,price,package_id,status,volume,isPaid,special_features,date_of_dispatch,date_of_receiv,send_id,rece_id,ship_id)
VALUES (253.62,100,'P-11','delivered',222,1,'huge','2020-04-12','2020-04-14','S-11','R-04','SH-11');
INSERT INTO package (weight,price,package_id,status,volume,isPaid,special_features,date_of_dispatch,send_id,rece_id,ship_id)
VALUES (2.50,10,'P-12','in Shipment',5,0,'food','2021-03-29','S-10','R-03','SH-12');
INSERT INTO package (weight,price,package_id,status,volume,isPaid,special_features,date_of_dispatch,date_of_receiv,send_id,rece_id,ship_id)
VALUES (7.50,100,'P-13','in station',4,1,'glass','2020-02-28','2020-03-01','S-03','R-02','SH-13');
INSERT INTO package (weight,price,package_id,status,volume,isPaid,special_features,date_of_dispatch,send_id,rece_id,ship_id)
VALUES (15.01,10,'P-14','in Shipment',10,0,'food','2021-07-22','S-01','R-02','SH-14');
INSERT INTO package (weight,price,package_id,status,volume,isPaid,special_features,date_of_dispatch,date_of_receiv,send_id,rece_id,ship_id)
VALUES (23.00,100,'P-15','delivered',15,1,'glass','2020-12-01','2020-12-10','S-01','R-14','SH-01');
INSERT INTO package (weight,price,package_id,status,volume,isPaid,special_features,date_of_dispatch,date_of_receiv,send_id,rece_id,ship_id)
VALUES (23.00,100,'P-16','delivered',15,1,'glass','2020-12-01','2020-12-15','S-01','R-14','SH-02');
INSERT INTO package (weight,price,package_id,status,volume,isPaid,special_features,date_of_dispatch,date_of_receiv,send_id,rece_id,ship_id)
VALUES (23.00,100,'P-17','delivered',15,1,'glass','2020-12-01','2020-12-19','S-01','R-14','SH-01');
INSERT INTO package (weight,price,package_id,status,volume,isPaid,special_features,date_of_dispatch,send_id,rece_id,ship_id)
VALUES (15.01,10,'P-18','in Shipment',10,0,'food','2019-07-22','S-01','R-02','SH-14');
INSERT INTO package (weight,price,package_id,status,volume,isPaid,special_features,date_of_dispatch,date_of_receiv,send_id,rece_id,ship_id)
VALUES (23.00,100,'P-19','delivered',15,1,'glass','2019-12-01','2019-12-10','S-01','R-14','SH-01');
INSERT INTO package (weight,price,package_id,status,volume,isPaid,special_features,date_of_dispatch,date_of_receiv,send_id,rece_id,ship_id)
VALUES (23.00,100,'P-20','delivered',15,1,'glass','2018-12-01','2018-12-15','S-01','R-14','SH-02');
INSERT INTO package (weight,price,package_id,status,volume,isPaid,special_features,date_of_dispatch,date_of_receiv,send_id,rece_id,ship_id)
VALUES (23.00,100,'P-21','delivered',15,1,'glass','2018-12-01','2018-12-19','S-01','R-14','SH-01');
INSERT INTO package (weight,price,package_id,status,volume,isPaid,special_features,date_of_dispatch,send_id,rece_id,ship_id)
VALUES (15.01,10,'P-22','in Shipment',10,0,'food','2018-07-22','S-01','R-02','SH-14');
INSERT INTO package (weight,price,package_id,status,volume,isPaid,special_features,date_of_dispatch,date_of_receiv,send_id,rece_id,ship_id)
VALUES (23.00,100,'P-23','delivered',15,1,'glass','2019-12-01','2019-12-10','S-01','R-14','SH-01');
INSERT INTO package (weight,price,package_id,status,volume,isPaid,special_features,date_of_dispatch,date_of_receiv,send_id,rece_id,ship_id)
VALUES (23.00,100,'P-24','delivered',15,1,'glass','2019-12-01','2019-12-15','S-01','R-14','SH-02');
INSERT INTO package (weight,price,package_id,status,volume,isPaid,special_features,date_of_dispatch,date_of_receiv,send_id,rece_id,ship_id)
VALUES (23.00,100,'P-25','delivered',15,1,'glass','2019-12-01','2019-12-19','S-01','R-14','SH-01');




INSERT INTO transport (transport_id,locationX,locationY,isOnRoad,vin,station_to,station_from,driver_id)
VALUES ('T-01','54.34378N','16.67597E',1,'4T1BK1FK6DU538858','I-05','I-11','D-11');
INSERT INTO transport (transport_id,locationX,locationY,isOnRoad,vin,station_to,station_from,driver_id)
VALUES ('T-02','55.48617N','18.43729E',0,'2HNYD2H69CH541618','I-02','I-03','D-02');
INSERT INTO transport (transport_id,locationX,locationY,isOnRoad,vin,station_to,station_from,driver_id)
VALUES ('T-03','53.34378N','15.67597E',1,'4T4BF1FK3ER393032','I-13','I-02','D-01');
INSERT INTO transport (transport_id,locationX,locationY,isOnRoad,vin,station_to,station_from,driver_id)
VALUES ('T-04','52.48617N','14.43729E',0,'4T4BF1FK3ER393032','I-06','I-10','D-02');
INSERT INTO transport (transport_id,locationX,locationY,isOnRoad,vin,station_to,station_from,driver_id)
VALUES ('T-05','54.34378N','13.67597E',1,'1B4HS28Y7XF601252','I-10','I-05','D-01');
INSERT INTO transport (transport_id,locationX,locationY,isOnRoad,vin,station_to,station_from,driver_id)
VALUES ('T-06','55.48617N','15.43729E',0,'1B4HS28Y7XF601252','I-07','I-09','D-02');
INSERT INTO transport (transport_id,locationX,locationY,isOnRoad,vin,station_to,station_from,driver_id)
VALUES ('T-07','56.34378N','16.67597E',1,'4T1BK1FK6DU538858','I-11','I-04','D-01');
INSERT INTO transport (transport_id,locationX,locationY,isOnRoad,vin,station_to,station_from,driver_id)
VALUES ('T-08','57.48617N','19.43729E',0,'1B4HS28Y7XF601252','I-12','I-03','D-02');
INSERT INTO transport (transport_id,locationX,locationY,isOnRoad,vin,station_to,station_from,driver_id)
VALUES ('T-09','53.34378N','17.67597E',1,'1B4HS28Y7XF601252','I-14','I-01','D-01');
INSERT INTO transport (transport_id,locationX,locationY,isOnRoad,vin,station_to,station_from,driver_id)
VALUES ('T-10','54.48617N','15.43729E',0,'2HNYD2H69CH541618','I-09','I-07','D-02');
INSERT INTO transport (transport_id,locationX,locationY,isOnRoad,vin,station_to,station_from,driver_id)
VALUES ('T-11','55.34378N','14.67597E',1,'1B4HS28Y7XF601252','I-12','I-01','D-01');
INSERT INTO transport (transport_id,locationX,locationY,isOnRoad,vin,station_to,station_from,driver_id)
VALUES ('T-12','56.48617N','13.43729E',0,'1B4HS28Y7XF601252','I-12','I-08','D-02');
INSERT INTO transport (transport_id,locationX,locationY,isOnRoad,vin,station_to,station_from,driver_id)
VALUES ('T-13','57.34378N','15.67597E',1,'2HNYD2H69CH541618','I-03','I-10','D-01');
INSERT INTO transport (transport_id,locationX,locationY,isOnRoad,vin,station_to,station_from,driver_id)
VALUES ('T-14','58.48617N','16.43729E',0,'2HNYD2H69CH541618','I-04','I-11','D-02');



INSERT INTO delivery (delivery_id,locationX,locationY,isDelivered,num_of_attempt,toLocker,station_id,driver_id)
VALUES ('DE-01','54.34378N','16.67597E',0,2,0,'I-10','D-10')
INSERT INTO delivery (delivery_id,locationX,locationY,isDelivered,num_of_attempt,toLocker,station_id,driver_id)
VALUES ('DE-02','54.34378N','16.67597E',1,3,0,'I-02','D-02')
INSERT INTO delivery (delivery_id,locationX,locationY,isDelivered,num_of_attempt,toLocker,station_id,driver_id)
VALUES ('DE-03','54.34378N','16.67597E',0,2,0,'I-05','D-05')
INSERT INTO delivery (delivery_id,locationX,locationY,isDelivered,num_of_attempt,toLocker,station_id,driver_id)
VALUES ('DE-04','54.34378N','16.67597E',1,3,0,'I-03','D-03')
INSERT INTO delivery (delivery_id,locationX,locationY,isDelivered,num_of_attempt,toLocker,station_id,driver_id)
VALUES ('DE-05','54.34378N','16.67597E',0,2,0,'I-04','D-04')
INSERT INTO delivery (delivery_id,locationX,locationY,isDelivered,num_of_attempt,toLocker,station_id,driver_id)
VALUES ('DE-06','54.34378N','16.67597E',1,3,0,'I-09','D-08')
INSERT INTO delivery (delivery_id,locationX,locationY,isDelivered,num_of_attempt,toLocker,station_id,driver_id)
VALUES ('DE-07','54.34378N','16.67597E',0,2,0,'I-13','D-01')
INSERT INTO delivery (delivery_id,locationX,locationY,isDelivered,num_of_attempt,toLocker,station_id,driver_id)
VALUES ('DE-08','54.34378N','16.67597E',1,3,0,'I-06','D-07')
INSERT INTO delivery (delivery_id,locationX,locationY,isDelivered,num_of_attempt,toLocker,station_id,driver_id)
VALUES ('DE-09','54.34378N','16.67597E',0,2,0,'I-07','D-06')
INSERT INTO delivery (delivery_id,locationX,locationY,isDelivered,num_of_attempt,toLocker,station_id,driver_id)
VALUES ('DE-10','54.34378N','16.67597E',1,3,1,'I-12','D-06')
INSERT INTO delivery (delivery_id,locationX,locationY,isDelivered,num_of_attempt,toLocker,station_id,driver_id)
VALUES ('DE-11','54.34378N','16.67597E',0,2,1,'I-11','D-11')
INSERT INTO delivery (delivery_id,locationX,locationY,isDelivered,num_of_attempt,toLocker,station_id,driver_id)
VALUES ('DE-12','54.34378N','16.67597E',1,3,1,'I-14','D-04')
INSERT INTO delivery (delivery_id,locationX,locationY,isDelivered,num_of_attempt,toLocker,station_id,driver_id)
VALUES ('DE-13','54.34378N','16.67597E',0,2,1,'I-12','D-02')
INSERT INTO delivery (delivery_id,locationX,locationY,isDelivered,num_of_attempt,toLocker,station_id,driver_id)
VALUES ('DE-14','54.34378N','16.67597E',1,3,1,'I-02','D-05')



INSERT INTO transportation(transport_id,package_id)
VALUES('T-09','P-01')
INSERT INTO transportation(transport_id,package_id)
VALUES('T-08','P-03')
INSERT INTO transportation(transport_id,package_id)
VALUES('T-07','P-04')
INSERT INTO transportation(transport_id,package_id)
VALUES('T-10','P-06')
INSERT INTO transportation(transport_id,package_id)
VALUES('T-06','P-08')
INSERT INTO transportation(transport_id,package_id)
VALUES('T-04','P-09')
INSERT INTO transportation(transport_id,package_id)
VALUES('T-01','P-10')
INSERT INTO transportation(transport_id,package_id)
VALUES('T-14','P-11')
INSERT INTO transportation(transport_id,package_id)
VALUES('T-13','P-12')
INSERT INTO transportation(transport_id,package_id)
VALUES('T-02','P-13')
INSERT INTO transportation(transport_id,package_id)
VALUES('T-03','P-02')
INSERT INTO transportation(transport_id,package_id)
VALUES('T-05','P-05')
INSERT INTO transportation(transport_id,package_id)
VALUES('T-11','P-14')
INSERT INTO transportation(transport_id,package_id)
VALUES('T-12','P-07')


INSERT INTO end_road(delivery_id,package_id)
VALUES('DE-01','P-05')
INSERT INTO end_road(delivery_id,package_id)
VALUES('DE-02','P-13')
INSERT INTO end_road(delivery_id,package_id)
VALUES('DE-03','P-10')
INSERT INTO end_road(delivery_id,package_id)
VALUES('DE-04','P-12')
INSERT INTO end_road(delivery_id,package_id)
VALUES('DE-05','P-11')
INSERT INTO end_road(delivery_id,package_id)
VALUES('DE-06','P-06')
INSERT INTO end_road(delivery_id,package_id)
VALUES('DE-09','P-08')
INSERT INTO end_road(delivery_id,package_id)
VALUES('DE-07','P-02')
INSERT INTO end_road(delivery_id,package_id)
VALUES('DE-11','P-04')
INSERT INTO end_road(delivery_id,package_id)
VALUES('DE-08','P-09')
INSERT INTO end_road(delivery_id,package_id)
VALUES('DE-10','P-03')
INSERT INTO end_road(delivery_id,package_id)
VALUES('DE-12','P-01')
INSERT INTO end_road(delivery_id,package_id)
VALUES('DE-13','P-07')
INSERT INTO end_road(delivery_id,package_id)
VALUES('DE-14','P-14')
INSERT INTO end_road(delivery_id,package_id)
VALUES('DE-14','P-15')
INSERT INTO end_road(delivery_id,package_id)
VALUES('DE-14','P-16')
INSERT INTO end_road(delivery_id,package_id)
VALUES('DE-14','P-17')

INSERT INTO parcel_locker(locationX, locationY,capacity,num_of_packages,locker_id)
VALUES ('54.47323N', '15.11498E',500,243,'PL-01')
INSERT INTO parcel_locker(locationX, locationY,capacity,num_of_packages,locker_id)
VALUES ('55.32339N', '16.23468E',600,343,'PL-02')
INSERT INTO parcel_locker(locationX, locationY,capacity,num_of_packages,locker_id)
VALUES ('53.43793N', '17.38498E',560,253,'PL-03')
INSERT INTO parcel_locker(locationX, locationY,capacity,num_of_packages,locker_id)
VALUES ('56.54339N', '18.42468E',530,113,'PL-04')
INSERT INTO parcel_locker(locationX, locationY,capacity,num_of_packages,locker_id)
VALUES ('53.66793N', '19.53498E',421,43,'PL-05')
INSERT INTO parcel_locker(locationX, locationY,capacity,num_of_packages,locker_id)
VALUES ('55.13339N', '17.64468E',815,521,'PL-06')
INSERT INTO parcel_locker(locationX, locationY,capacity,num_of_packages,locker_id)
VALUES ('54.65793N', '16.75498E',423,122,'PL-07')
INSERT INTO parcel_locker(locationX, locationY,capacity,num_of_packages,locker_id)
VALUES ('53.22339N', '18.87468E',756,643,'PL-08')
INSERT INTO parcel_locker(locationX, locationY,capacity,num_of_packages,locker_id)
VALUES ('56.75793N', '19.98498E',611,611,'PL-09')
INSERT INTO parcel_locker(locationX, locationY,capacity,num_of_packages,locker_id)
VALUES ('53.63339N', '16.09468E',573,28,'PL-10')
INSERT INTO parcel_locker(locationX, locationY,capacity,num_of_packages,locker_id)
VALUES ('54.54793N', '17.17498E',600,599,'PL-11')
INSERT INTO parcel_locker(locationX, locationY,capacity,num_of_packages,locker_id)
VALUES ('56.37339N', '19.53468E',700,612,'PL-12')
INSERT INTO parcel_locker(locationX, locationY,capacity,num_of_packages,locker_id)
VALUES ('55.07793N', '16.85498E',800,777,'PL-13')
INSERT INTO parcel_locker(locationX, locationY,capacity,num_of_packages,locker_id)
VALUES ('53.91339N', '18.44468E',600,456,'PL-14')



INSERT INTO stay_in_locker(package_id,locker_id)
VALUES('P-14','PL-01')
INSERT INTO stay_in_locker(package_id,locker_id)
VALUES('P-13','PL-01')
INSERT INTO stay_in_locker(package_id,locker_id)
VALUES('P-12','PL-01')
INSERT INTO stay_in_locker(package_id,locker_id)
VALUES('P-10','PL-02')
INSERT INTO stay_in_locker(package_id,locker_id)
VALUES('P-11','PL-02')


INSERT INTO load(delivery_id,vin)
VALUES('DE-01','1G1ZC5EB2AF182894')
INSERT INTO load(delivery_id,vin)
VALUES('DE-02','5NPDH4AE9FH594417')
INSERT INTO load(delivery_id,vin)
VALUES('DE-03','5TETU62N75Z053878')
INSERT INTO load(delivery_id,vin)
VALUES('DE-04','1GCCS146058239570')
INSERT INTO load(delivery_id,vin)
VALUES('DE-05','4S3BL616387200573')
INSERT INTO load(delivery_id,vin)
VALUES('DE-06','3LN6L2G90FR610308')
INSERT INTO load(delivery_id,vin)
VALUES('DE-07','2T1CG22P81C501675')
INSERT INTO load(delivery_id,vin)
VALUES('DE-08','WDBNG75J42A278312')
INSERT INTO load(delivery_id,vin)
VALUES('DE-09','1FAHP34N38W141682')
INSERT INTO load(delivery_id,vin)
VALUES('DE-10','1FAHP34N38W141682')
INSERT INTO load(delivery_id,vin)
VALUES('DE-11','1GCCS146058239570')
INSERT INTO load(delivery_id,vin)
VALUES('DE-12','4S3BL616387200573')
INSERT INTO load(delivery_id,vin)
VALUES('DE-13','5NPDH4AE9FH594417')
INSERT INTO load(delivery_id,vin)
VALUES('DE-14','5TETU62N75Z053878')